[
{
  "model": "auth.user",
  "fields": {
    "password": "pbkdf2_sha256$1000000$qpAVxGUKlk72K8f5liGIre$D9XtJ/r8t9Hgq59WGZpCYCp5pLWggraDZsj7ObREdUg=",
    "last_login": "2026-05-20T16:22:52.984Z",
    "is_superuser": true,
    "username": "admin",
    "first_name": "",
    "last_name": "",
    "email": "admin@adcare.vn",
    "is_staff": true,
    "is_active": true,
    "date_joined": "2026-05-18T03:50:54Z",
    "groups": [],
    "user_permissions": []
  }
},
{
  "model": "auth.user",
  "fields": {
    "password": "pbkdf2_sha256$1000000$fouNGKTGK3sFrmrs1QUuLa$G2rakVrB5Wef2CbmaarP0jm1zfWtIgDuxprQpB4M2HI=",
    "last_login": "2026-05-18T07:42:06.292Z",
    "is_superuser": true,
    "username": "truonghv1988",
    "first_name": "",
    "last_name": "",
    "email": "",
    "is_staff": true,
    "is_active": true,
    "date_joined": "2026-05-18T07:39:39Z",
    "groups": [],
    "user_permissions": [
      [
        "add_logentry",
        "admin",
        "logentry"
      ],
      [
        "change_logentry",
        "admin",
        "logentry"
      ],
      [
        "delete_logentry",
        "admin",
        "logentry"
      ],
      [
        "view_logentry",
        "admin",
        "logentry"
      ],
      [
        "add_group",
        "auth",
        "group"
      ],
      [
        "change_group",
        "auth",
        "group"
      ],
      [
        "delete_group",
        "auth",
        "group"
      ],
      [
        "view_group",
        "auth",
        "group"
      ],
      [
        "add_permission",
        "auth",
        "permission"
      ],
      [
        "change_permission",
        "auth",
        "permission"
      ],
      [
        "delete_permission",
        "auth",
        "permission"
      ],
      [
        "view_permission",
        "auth",
        "permission"
      ],
      [
        "add_user",
        "auth",
        "user"
      ],
      [
        "change_user",
        "auth",
        "user"
      ],
      [
        "delete_user",
        "auth",
        "user"
      ],
      [
        "view_user",
        "auth",
        "user"
      ],
      [
        "add_contactmessage",
        "contact",
        "contactmessage"
      ],
      [
        "change_contactmessage",
        "contact",
        "contactmessage"
      ],
      [
        "delete_contactmessage",
        "contact",
        "contactmessage"
      ],
      [
        "view_contactmessage",
        "contact",
        "contactmessage"
      ],
      [
        "add_contenttype",
        "contenttypes",
        "contenttype"
      ],
      [
        "change_contenttype",
        "contenttypes",
        "contenttype"
      ],
      [
        "delete_contenttype",
        "contenttypes",
        "contenttype"
      ],
      [
        "view_contenttype",
        "contenttypes",
        "contenttype"
      ],
      [
        "add_aboutfeature",
        "core",
        "aboutfeature"
      ],
      [
        "change_aboutfeature",
        "core",
        "aboutfeature"
      ],
      [
        "delete_aboutfeature",
        "core",
        "aboutfeature"
      ],
      [
        "view_aboutfeature",
        "core",
        "aboutfeature"
      ],
      [
        "add_aboutsection",
        "core",
        "aboutsection"
      ],
      [
        "change_aboutsection",
        "core",
        "aboutsection"
      ],
      [
        "delete_aboutsection",
        "core",
        "aboutsection"
      ],
      [
        "view_aboutsection",
        "core",
        "aboutsection"
      ],
      [
        "add_siteconfig",
        "core",
        "siteconfig"
      ],
      [
        "change_siteconfig",
        "core",
        "siteconfig"
      ],
      [
        "delete_siteconfig",
        "core",
        "siteconfig"
      ],
      [
        "view_siteconfig",
        "core",
        "siteconfig"
      ],
      [
        "add_slider",
        "core",
        "slider"
      ],
      [
        "change_slider",
        "core",
        "slider"
      ],
      [
        "delete_slider",
        "core",
        "slider"
      ],
      [
        "view_slider",
        "core",
        "slider"
      ],
      [
        "add_statitem",
        "core",
        "statitem"
      ],
      [
        "change_statitem",
        "core",
        "statitem"
      ],
      [
        "delete_statitem",
        "core",
        "statitem"
      ],
      [
        "view_statitem",
        "core",
        "statitem"
      ],
      [
        "add_article",
        "news",
        "article"
      ],
      [
        "change_article",
        "news",
        "article"
      ],
      [
        "delete_article",
        "news",
        "article"
      ],
      [
        "view_article",
        "news",
        "article"
      ],
      [
        "add_newscategory",
        "news",
        "newscategory"
      ],
      [
        "change_newscategory",
        "news",
        "newscategory"
      ],
      [
        "delete_newscategory",
        "news",
        "newscategory"
      ],
      [
        "view_newscategory",
        "news",
        "newscategory"
      ],
      [
        "add_partner",
        "partners",
        "partner"
      ],
      [
        "change_partner",
        "partners",
        "partner"
      ],
      [
        "delete_partner",
        "partners",
        "partner"
      ],
      [
        "view_partner",
        "partners",
        "partner"
      ],
      [
        "add_product",
        "products",
        "product"
      ],
      [
        "change_product",
        "products",
        "product"
      ],
      [
        "delete_product",
        "products",
        "product"
      ],
      [
        "view_product",
        "products",
        "product"
      ],
      [
        "add_productcategory",
        "products",
        "productcategory"
      ],
      [
        "change_productcategory",
        "products",
        "productcategory"
      ],
      [
        "delete_productcategory",
        "products",
        "productcategory"
      ],
      [
        "view_productcategory",
        "products",
        "productcategory"
      ],
      [
        "add_productimage",
        "products",
        "productimage"
      ],
      [
        "change_productimage",
        "products",
        "productimage"
      ],
      [
        "delete_productimage",
        "products",
        "productimage"
      ],
      [
        "view_productimage",
        "products",
        "productimage"
      ],
      [
        "add_project",
        "projects",
        "project"
      ],
      [
        "change_project",
        "projects",
        "project"
      ],
      [
        "delete_project",
        "projects",
        "project"
      ],
      [
        "view_project",
        "projects",
        "project"
      ],
      [
        "add_projectcategory",
        "projects",
        "projectcategory"
      ],
      [
        "change_projectcategory",
        "projects",
        "projectcategory"
      ],
      [
        "delete_projectcategory",
        "projects",
        "projectcategory"
      ],
      [
        "view_projectcategory",
        "projects",
        "projectcategory"
      ],
      [
        "add_projectimage",
        "projects",
        "projectimage"
      ],
      [
        "change_projectimage",
        "projects",
        "projectimage"
      ],
      [
        "delete_projectimage",
        "projects",
        "projectimage"
      ],
      [
        "view_projectimage",
        "projects",
        "projectimage"
      ],
      [
        "add_service",
        "services",
        "service"
      ],
      [
        "change_service",
        "services",
        "service"
      ],
      [
        "delete_service",
        "services",
        "service"
      ],
      [
        "view_service",
        "services",
        "service"
      ],
      [
        "add_servicecategory",
        "services",
        "servicecategory"
      ],
      [
        "change_servicecategory",
        "services",
        "servicecategory"
      ],
      [
        "delete_servicecategory",
        "services",
        "servicecategory"
      ],
      [
        "view_servicecategory",
        "services",
        "servicecategory"
      ],
      [
        "add_session",
        "sessions",
        "session"
      ],
      [
        "change_session",
        "sessions",
        "session"
      ],
      [
        "delete_session",
        "sessions",
        "session"
      ],
      [
        "view_session",
        "sessions",
        "session"
      ]
    ]
  }
},
{
  "model": "sessions.session",
  "pk": "g02yjevdvacs41e2clxa13vkec402r9e",
  "fields": {
    "session_data": ".eJxVjDEOwjAMAP_iGUWYxmnSkZ03VInt0AJKpKadEH9HlTrAene6N4xxW6dxa7qMs8AACKdfliI_texCHrHcq-Fa1mVOZk_MYZu5VdHX9Wj_BlNsEwwQHatFCtiHnK0NiR2zE9upv1girxz8mYi7gIo59oJOmUioE0VHCJ8v4nU3ug:1wPjh6:-OPFff-LhaIvieLggiIYLNItV1sDmCypkk3WIIT7cjM",
    "expire_date": "2026-06-03T16:22:52.988Z"
  }
},
{
  "model": "sessions.session",
  "pk": "sryoejeueebl7cxkxr2zln2w43smpsfd",
  "fields": {
    "session_data": ".eJxVjDEOwjAMAP_iGUWYxmnSkZ03VInt0AJKpKadEH9HlTrAene6N4xxW6dxa7qMs8AACKdfliI_texCHrHcq-Fa1mVOZk_MYZu5VdHX9Wj_BlNsEwwQHatFCtiHnK0NiR2zE9upv1girxz8mYi7gIo59oJOmUioE0VHCJ8v4nU3ug:1wPFBB:bui1MRfmqLCqeAWkslvnyG2K54_eWmAxrZl5AEoIEmo",
    "expire_date": "2026-06-02T07:47:53.429Z"
  }
},
{
  "model": "core.siteconfig",
  "pk": 1,
  "fields": {
    "company_name": "ADCARE Việt Nam",
    "company_name_en": "",
    "slogan": "Giải pháp an ninh thông minh — Bảo vệ tài sản của bạn",
    "logo": "site/logo.jpeg",
    "favicon": "",
    "address": "123 Nguyễn Văn Linh, Phường Tân Phong, Quận 7, TP. Hồ Chí Minh",
    "phone": "0901 234 567",
    "phone_2": "028 3456 7890",
    "email": "info@adcare.vn",
    "email_2": "support@adcare.vn",
    "facebook_url": "https://facebook.com/adcare.vn",
    "youtube_url": "https://youtube.com/@adcarevietnam",
    "zalo_url": "",
    "linkedin_url": "",
    "google_maps_embed": "",
    "working_hours": "Thứ 2 – Thứ 7: 8:00 – 17:30\nChủ nhật: 8:00 – 12:00",
    "footer_description": "ADCARE Việt Nam chuyên cung cấp, lắp đặt và bảo trì hệ thống camera an ninh, báo động, kiểm soát ra vào cho gia đình và doanh nghiệp.",
    "meta_description": "ADCARE Việt Nam — Giải pháp camera an ninh toàn diện. Lắp đặt camera IP, camera Analog, hệ thống báo động tại TP.HCM.",
    "meta_keywords": "",
    "updated_at": "2026-05-20T16:19:35.297Z"
  }
},
{
  "model": "core.slider",
  "pk": 1,
  "fields": {
    "title": "Giải pháp Camera An Ninh Toàn Diện",
    "subtitle": "Bảo vệ gia đình và doanh nghiệp của bạn 24/7 với hệ thống camera IP hiện đại nhất",
    "image": "sliders/slider_1.jpeg",
    "button_text": "Xem sản phẩm",
    "button_url": "/san-pham/",
    "button2_text": "Liên hệ tư vấn",
    "button2_url": "/lien-he/",
    "order": 1,
    "is_active": true,
    "created_at": "2026-05-20T16:18:55.512Z"
  }
},
{
  "model": "core.slider",
  "pk": 2,
  "fields": {
    "title": "Dịch Vụ Lắp Đặt Chuyên Nghiệp",
    "subtitle": "Đội ngũ kỹ thuật viên giàu kinh nghiệm, lắp đặt nhanh chóng, bảo hành dài hạn",
    "image": "sliders/slider_2.jpeg",
    "button_text": "Xem dịch vụ",
    "button_url": "/dich-vu/",
    "button2_text": "Báo giá miễn phí",
    "button2_url": "/lien-he/",
    "order": 2,
    "is_active": true,
    "created_at": "2026-05-20T16:18:55.633Z"
  }
},
{
  "model": "core.slider",
  "pk": 3,
  "fields": {
    "title": "Camera Hikvision & Dahua Chính Hãng",
    "subtitle": "Phân phối độc quyền camera IP, camera Analog, đầu ghi hình từ các thương hiệu hàng đầu",
    "image": "sliders/slider_3.jpeg",
    "button_text": "Khám phá ngay",
    "button_url": "/san-pham/",
    "button2_text": "",
    "button2_url": "",
    "order": 3,
    "is_active": true,
    "created_at": "2026-05-20T16:18:55.647Z"
  }
},
{
  "model": "core.statitem",
  "pk": 1,
  "fields": {
    "icon": "fas fa-users",
    "number": "500+",
    "label": "Khách hàng tin tưởng",
    "description": "Toàn quốc",
    "order": 0,
    "is_active": true
  }
},
{
  "model": "core.statitem",
  "pk": 2,
  "fields": {
    "icon": "fas fa-project-diagram",
    "number": "1200+",
    "label": "Dự án hoàn thành",
    "description": "Thành công",
    "order": 1,
    "is_active": true
  }
},
{
  "model": "core.statitem",
  "pk": 3,
  "fields": {
    "icon": "fas fa-handshake",
    "number": "50+",
    "label": "Đối tác thương hiệu",
    "description": "Chính hãng",
    "order": 2,
    "is_active": true
  }
},
{
  "model": "core.statitem",
  "pk": 4,
  "fields": {
    "icon": "fas fa-calendar-alt",
    "number": "10+",
    "label": "Năm kinh nghiệm",
    "description": "Trong ngành",
    "order": 3,
    "is_active": true
  }
},
{
  "model": "core.statitem",
  "pk": 5,
  "fields": {
    "icon": "fas fa-headset",
    "number": "24/7",
    "label": "Hỗ trợ kỹ thuật",
    "description": "Hotline luôn sẵn sàng",
    "order": 4,
    "is_active": true
  }
},
{
  "model": "core.aboutsection",
  "pk": 1,
  "fields": {
    "title": "Về ADCARE Việt Nam",
    "subtitle": "Hơn 10 năm bảo vệ tài sản và con người",
    "content": "ADCARE Việt Nam được thành lập năm 2014, là đơn vị chuyên cung cấp các giải pháp an ninh điện tử toàn diện cho hộ gia đình, văn phòng, nhà máy và công trình xây dựng.\n\nVới đội ngũ kỹ sư và kỹ thuật viên được đào tạo bài bản, chúng tôi tự hào đã triển khai hơn 500 dự án lớn nhỏ trên khắp cả nước. Sản phẩm chúng tôi cung cấp đều là hàng chính hãng từ các thương hiệu hàng đầu thế giới như Hikvision, Dahua, Axis, Bosch.\n\nADCARE cam kết mang đến giải pháp tối ưu nhất với chi phí hợp lý, đảm bảo an toàn và bình yên cho khách hàng.",
    "image": "about/about_1.jpeg",
    "image_alt": "",
    "button_text": "Tìm hiểu thêm",
    "button_url": "/ve-chung-toi/",
    "is_active": true,
    "updated_at": "2026-05-20T16:26:34.575Z"
  }
},
{
  "model": "core.aboutfeature",
  "pk": 1,
  "fields": {
    "about": 1,
    "icon": "fas fa-shield-alt",
    "text": "Sản phẩm chính hãng 100%",
    "order": 1
  }
},
{
  "model": "core.aboutfeature",
  "pk": 2,
  "fields": {
    "about": 1,
    "icon": "fas fa-tools",
    "text": "Lắp đặt nhanh — bảo hành 24 tháng",
    "order": 2
  }
},
{
  "model": "core.aboutfeature",
  "pk": 3,
  "fields": {
    "about": 1,
    "icon": "fas fa-headset",
    "text": "Hỗ trợ kỹ thuật 24/7",
    "order": 3
  }
},
{
  "model": "core.aboutfeature",
  "pk": 4,
  "fields": {
    "about": 1,
    "icon": "fas fa-certificate",
    "text": "Đội ngũ kỹ sư được chứng nhận",
    "order": 4
  }
},
{
  "model": "products.productcategory",
  "pk": 1,
  "fields": {
    "name": "Camera IP",
    "slug": "camera-ip",
    "description": "",
    "image": "products/categories/cat_camera-ip.jpeg",
    "icon": "fas fa-camera",
    "order": 0,
    "is_active": true,
    "created_at": "2026-05-18T03:51:12.419Z"
  }
},
{
  "model": "products.productcategory",
  "pk": 2,
  "fields": {
    "name": "Camera Analog",
    "slug": "camera-analog",
    "description": "",
    "image": "products/categories/cat_camera-analog.jpeg",
    "icon": "fas fa-video",
    "order": 1,
    "is_active": true,
    "created_at": "2026-05-18T03:51:12.420Z"
  }
},
{
  "model": "products.productcategory",
  "pk": 3,
  "fields": {
    "name": "Kiểm soát vào ra",
    "slug": "kiem-soat-vao-ra",
    "description": "",
    "image": "products/categories/cat_kiem-soat-vao-ra.jpeg",
    "icon": "fas fa-door-open",
    "order": 2,
    "is_active": true,
    "created_at": "2026-05-18T03:51:12.422Z"
  }
},
{
  "model": "products.productcategory",
  "pk": 4,
  "fields": {
    "name": "Báo động",
    "slug": "bao-dong",
    "description": "",
    "image": "products/categories/cat_bao-dong.jpeg",
    "icon": "fas fa-bell",
    "order": 3,
    "is_active": true,
    "created_at": "2026-05-18T03:51:12.424Z"
  }
},
{
  "model": "products.productcategory",
  "pk": 5,
  "fields": {
    "name": "Smart Home",
    "slug": "smart-home",
    "description": "",
    "image": "products/categories/cat_smart-home.jpeg",
    "icon": "fas fa-home",
    "order": 4,
    "is_active": true,
    "created_at": "2026-05-18T03:51:12.425Z"
  }
},
{
  "model": "products.productcategory",
  "pk": 6,
  "fields": {
    "name": "Phụ kiện",
    "slug": "phu-kien",
    "description": "",
    "image": "products/categories/cat_phu-kien.jpeg",
    "icon": "fas fa-tools",
    "order": 5,
    "is_active": true,
    "created_at": "2026-05-18T03:51:12.427Z"
  }
},
{
  "model": "products.productcategory",
  "pk": 7,
  "fields": {
    "name": "Camera PTZ",
    "slug": "camera-ptz",
    "description": "",
    "image": "products/categories/cat_camera-ptz.jpeg",
    "icon": "fas fa-sync-alt",
    "order": 3,
    "is_active": true,
    "created_at": "2026-05-20T16:18:55.721Z"
  }
},
{
  "model": "products.productcategory",
  "pk": 8,
  "fields": {
    "name": "Đầu ghi hình",
    "slug": "dau-ghi-hinh",
    "description": "",
    "image": "products/categories/cat_dau-ghi-hinh.jpeg",
    "icon": "fas fa-hdd",
    "order": 4,
    "is_active": true,
    "created_at": "2026-05-20T16:18:55.740Z"
  }
},
{
  "model": "products.productcategory",
  "pk": 9,
  "fields": {
    "name": "Phụ kiện & Cáp",
    "slug": "phu-kien-cap",
    "description": "",
    "image": "products/categories/cat_phu-kien-cap.jpeg",
    "icon": "fas fa-plug",
    "order": 5,
    "is_active": true,
    "created_at": "2026-05-20T16:18:55.757Z"
  }
},
{
  "model": "products.product",
  "pk": 1,
  "fields": {
    "category": 1,
    "name": "Camera IP Hikvision DS-2CD2143G2-I",
    "slug": "camera-ip-hikvision-ds-2cd2143g2-i",
    "short_desc": "Camera IP 4MP AcuSense, hồng ngoại 40m, chuẩn IP67, chống ngược sáng WDR 120dB.",
    "description": "",
    "image": "products/product_1.jpeg",
    "brand": "Hikvision",
    "model_number": "DS-2CD2143G2-I",
    "specifications": "Độ phân giải: 4MP (2560×1440)\nHồng ngoại: 40m\nChuẩn IP: IP67\nWDR: 120dB\nGiao thức: ONVIF",
    "is_featured": true,
    "is_active": true,
    "order": 1,
    "view_count": 0,
    "created_at": "2026-05-20T16:18:55.686Z",
    "updated_at": "2026-05-20T16:26:43.119Z"
  }
},
{
  "model": "products.product",
  "pk": 2,
  "fields": {
    "category": 1,
    "name": "Camera IP Dahua IPC-HDW2831T-AS",
    "slug": "camera-ip-dahua-ipc-hdw2831t-as",
    "short_desc": "Camera IP Eyeball 8MP, hồng ngoại 30m, tích hợp mic, chuẩn IP67.",
    "description": "",
    "image": "products/product_2.jpeg",
    "brand": "Dahua",
    "model_number": "IPC-HDW2831T-AS",
    "specifications": "Độ phân giải: 8MP (3840×2160)\nHồng ngoại: 30m\nMicrophone: Có\nChuẩn IP: IP67",
    "is_featured": false,
    "is_active": true,
    "order": 2,
    "view_count": 0,
    "created_at": "2026-05-20T16:18:55.694Z",
    "updated_at": "2026-05-20T16:26:46.210Z"
  }
},
{
  "model": "products.product",
  "pk": 3,
  "fields": {
    "category": 1,
    "name": "Camera IP Axis P3245-V",
    "slug": "camera-ip-axis-p3245-v",
    "short_desc": "Camera IP dome cố định 2MP, Lightfinder 2.0, góc rộng 104°.",
    "description": "",
    "image": "products/product_3.jpeg",
    "brand": "Axis",
    "model_number": "P3245-V",
    "specifications": "Độ phân giải: 2MP (1920×1080)\nLightfinder 2.0\nGóc nhìn: 104°\nPoE 802.3af",
    "is_featured": false,
    "is_active": true,
    "order": 3,
    "view_count": 0,
    "created_at": "2026-05-20T16:18:55.701Z",
    "updated_at": "2026-05-20T16:26:46.796Z"
  }
},
{
  "model": "products.product",
  "pk": 4,
  "fields": {
    "category": 2,
    "name": "Camera Analog Hikvision DS-2CE16D0T-IRF",
    "slug": "camera-analog-hikvision-ds-2ce16d0t-irf",
    "short_desc": "Camera HD-TVI 2MP, hồng ngoại 25m, góc rộng 2.8mm, chống bụi nước IP66.",
    "description": "",
    "image": "products/product_4.jpeg",
    "brand": "Hikvision",
    "model_number": "DS-2CE16D0T-IRF",
    "specifications": "Độ phân giải: 2MP (1920×1080)\nHồng ngoại: 25m\nTiêu cự: 2.8mm\nChuẩn IP: IP66",
    "is_featured": true,
    "is_active": true,
    "order": 1,
    "view_count": 0,
    "created_at": "2026-05-20T16:18:55.707Z",
    "updated_at": "2026-05-20T16:26:42.565Z"
  }
},
{
  "model": "products.product",
  "pk": 5,
  "fields": {
    "category": 2,
    "name": "Camera Analog Dahua HAC-HDW1500TL-A",
    "slug": "camera-analog-dahua-hac-hdw1500tl-a",
    "short_desc": "Camera HDCVI 5MP, hồng ngoại 20m, tích hợp mic, lắp âm trần.",
    "description": "",
    "image": "products/product_5.jpeg",
    "brand": "Dahua",
    "model_number": "HAC-HDW1500TL-A",
    "specifications": "Độ phân giải: 5MP (2592×1944)\nHồng ngoại: 20m\nMicrophone: Có\nLắp đặt: Âm trần",
    "is_featured": false,
    "is_active": true,
    "order": 2,
    "view_count": 0,
    "created_at": "2026-05-20T16:18:55.716Z",
    "updated_at": "2026-05-20T16:26:45.602Z"
  }
},
{
  "model": "products.product",
  "pk": 6,
  "fields": {
    "category": 7,
    "name": "Camera PTZ Hikvision DS-2DE4425IWG-E",
    "slug": "camera-ptz-hikvision-ds-2de4425iwg-e",
    "short_desc": "Camera PTZ IP 4MP, zoom quang 25x, hồng ngoại 100m, auto-tracking.",
    "description": "",
    "image": "products/product_6.jpeg",
    "brand": "Hikvision",
    "model_number": "DS-2DE4425IWG-E",
    "specifications": "Độ phân giải: 4MP\nZoom quang: 25x\nHồng ngoại: 100m\nAuto-tracking: Có\nIP66+IK10",
    "is_featured": true,
    "is_active": true,
    "order": 1,
    "view_count": 2,
    "created_at": "2026-05-20T16:18:55.728Z",
    "updated_at": "2026-05-20T16:26:41.905Z"
  }
},
{
  "model": "products.product",
  "pk": 7,
  "fields": {
    "category": 7,
    "name": "Camera PTZ Dahua SD49425XB-HNR",
    "slug": "camera-ptz-dahua-sd49425xb-hnr",
    "short_desc": "Camera PTZ AI 4MP, zoom quang 25x, nhận diện khuôn mặt, hồng ngoại 100m.",
    "description": "",
    "image": "products/product_7.jpeg",
    "brand": "Dahua",
    "model_number": "SD49425XB-HNR",
    "specifications": "Độ phân giải: 4MP\nZoom quang: 25x\nAI: Nhận diện khuôn mặt\nHồng ngoại: 100m",
    "is_featured": false,
    "is_active": true,
    "order": 2,
    "view_count": 0,
    "created_at": "2026-05-20T16:18:55.734Z",
    "updated_at": "2026-05-20T16:26:44.902Z"
  }
},
{
  "model": "products.product",
  "pk": 8,
  "fields": {
    "category": 8,
    "name": "NVR Hikvision DS-7608NI-Q1",
    "slug": "nvr-hikvision-ds-7608ni-q1",
    "short_desc": "Đầu ghi IP 8 kênh, hỗ trợ camera 4K, 1 ổ cứng tối đa 10TB.",
    "description": "",
    "image": "products/product_8.jpeg",
    "brand": "Hikvision",
    "model_number": "DS-7608NI-Q1",
    "specifications": "Số kênh: 8\nHỗ trợ: 4K Ultra HD\nỔ cứng: 1 x tối đa 10TB\nBăng thông: 80Mbps",
    "is_featured": true,
    "is_active": true,
    "order": 1,
    "view_count": 0,
    "created_at": "2026-05-20T16:18:55.745Z",
    "updated_at": "2026-05-20T16:26:41.290Z"
  }
},
{
  "model": "products.product",
  "pk": 9,
  "fields": {
    "category": 8,
    "name": "DVR Dahua XVR5108HS-I3",
    "slug": "dvr-dahua-xvr5108hs-i3",
    "short_desc": "Đầu ghi hybrid 8 kênh 5MP, hỗ trợ HDCVI/AHD/TVI/CVBS/IP, AI Smart.",
    "description": "",
    "image": "products/product_9.jpeg",
    "brand": "Dahua",
    "model_number": "XVR5108HS-I3",
    "specifications": "Số kênh: 8\nĐộ phân giải: 5MP\nHybrid: CVI/AHD/TVI/IP\nAI: Có",
    "is_featured": false,
    "is_active": true,
    "order": 2,
    "view_count": 0,
    "created_at": "2026-05-20T16:18:55.751Z",
    "updated_at": "2026-05-20T16:26:44.276Z"
  }
},
{
  "model": "products.product",
  "pk": 10,
  "fields": {
    "category": 9,
    "name": "Cáp mạng SFTP CAT6 Ngoài trời 305m",
    "slug": "cap-mang-sftp-cat6-ngoai-troi-305m",
    "short_desc": "Cáp CAT6 chống nhiễu SFTP, lõi đồng nguyên chất, chịu nhiệt UV ngoài trời.",
    "description": "",
    "image": "products/product_10.jpeg",
    "brand": "ADCARE",
    "model_number": "CAT6-SFTP-305",
    "specifications": "Loại: CAT6 SFTP\nChiều dài: 305m/cuộn\nMôi trường: Ngoài trời\nBăng thông: 250MHz",
    "is_featured": false,
    "is_active": true,
    "order": 1,
    "view_count": 0,
    "created_at": "2026-05-20T16:18:55.763Z",
    "updated_at": "2026-05-20T16:26:40.654Z"
  }
},
{
  "model": "products.product",
  "pk": 11,
  "fields": {
    "category": 9,
    "name": "Nguồn tổng 12V 10A cho camera",
    "slug": "nguon-tong-12v-10a-cho-camera",
    "short_desc": "Nguồn tập trung 12V-10A, 8 ngõ ra, vỏ sắt, dùng cho hệ thống 4-8 camera.",
    "description": "",
    "image": "products/product_11.jpeg",
    "brand": "ADCARE",
    "model_number": "PSU-12V10A-8CH",
    "specifications": "Điện áp: 12V DC\nDòng điện: 10A\nSố ngõ ra: 8\nVỏ: Sắt chống cháy",
    "is_featured": false,
    "is_active": true,
    "order": 2,
    "view_count": 0,
    "created_at": "2026-05-20T16:18:55.768Z",
    "updated_at": "2026-05-20T16:26:43.671Z"
  }
},
{
  "model": "services.servicecategory",
  "pk": 1,
  "fields": {
    "name": "Lắp đặt",
    "slug": "lap-dat",
    "description": "",
    "icon": "",
    "image": "services/categories/svccat_1.jpeg",
    "order": 0,
    "is_active": true
  }
},
{
  "model": "services.servicecategory",
  "pk": 2,
  "fields": {
    "name": "Bảo trì",
    "slug": "bao-tri",
    "description": "",
    "icon": "",
    "image": "services/categories/svccat_2.jpeg",
    "order": 1,
    "is_active": true
  }
},
{
  "model": "services.servicecategory",
  "pk": 3,
  "fields": {
    "name": "Tư vấn",
    "slug": "tu-van",
    "description": "",
    "icon": "",
    "image": "services/categories/svccat_3.jpeg",
    "order": 2,
    "is_active": true
  }
},
{
  "model": "services.servicecategory",
  "pk": 4,
  "fields": {
    "name": "Lắp đặt hệ thống",
    "slug": "lap-dat-he-thong",
    "description": "",
    "icon": "fas fa-tools",
    "image": "services/categories/svccat_4.jpeg",
    "order": 1,
    "is_active": true
  }
},
{
  "model": "services.servicecategory",
  "pk": 5,
  "fields": {
    "name": "Bảo trì & Sửa chữa",
    "slug": "bao-tri-sua-chua",
    "description": "",
    "icon": "fas fa-wrench",
    "image": "services/categories/svccat_5.jpeg",
    "order": 2,
    "is_active": true
  }
},
{
  "model": "services.servicecategory",
  "pk": 6,
  "fields": {
    "name": "Tư vấn giải pháp",
    "slug": "tu-van-giai-phap",
    "description": "",
    "icon": "fas fa-lightbulb",
    "image": "services/categories/svccat_6.jpeg",
    "order": 3,
    "is_active": true
  }
},
{
  "model": "services.service",
  "pk": 1,
  "fields": {
    "category": 4,
    "name": "Lắp đặt camera quan sát",
    "slug": "lap-dat-camera-quan-sat",
    "short_desc": "Khảo sát, tư vấn và lắp đặt hệ thống camera IP / Analog cho gia đình, văn phòng, kho xưởng.",
    "description": "<h3>Dịch vụ lắp đặt camera chuyên nghiệp</h3><p>ADCARE cung cấp trọn gói dịch vụ lắp đặt camera quan sát từ khảo sát thực địa, thiết kế hệ thống, thi công đến bàn giao và hướng dẫn sử dụng.</p><ul><li>Khảo sát miễn phí tại nhà/công ty</li><li>Tư vấn số lượng và vị trí lắp đặt tối ưu</li><li>Thi công gọn gàng, không đục tường không cần thiết</li><li>Bảo hành thiết bị 24 tháng, bảo hành công trình 12 tháng</li></ul>",
    "image": "services/service_1.jpeg",
    "icon": "fas fa-camera",
    "is_featured": true,
    "is_active": true,
    "order": 1,
    "created_at": "2026-05-20T16:18:55.786Z"
  }
},
{
  "model": "services.service",
  "pk": 2,
  "fields": {
    "category": 4,
    "name": "Lắp đặt hệ thống báo động",
    "slug": "lap-dat-he-thong-bao-dong",
    "short_desc": "Lắp đặt chuông báo động chống trộm, cảm biến chuyển động, còi hú cho gia đình và cửa hàng.",
    "description": "<h3>Hệ thống báo động thông minh</h3><p>Bảo vệ tài sản 24/7 với hệ thống báo động hiện đại, kết nối điện thoại thông minh.</p><ul><li>Cảm biến hồng ngoại chống trộm</li><li>Còi hú 120dB</li><li>Thông báo SMS/app khi có sự cố</li><li>Pin dự phòng 8 giờ</li></ul>",
    "image": "services/service_2.jpeg",
    "icon": "fas fa-bell",
    "is_featured": false,
    "is_active": true,
    "order": 2,
    "created_at": "2026-05-20T16:18:55.795Z"
  }
},
{
  "model": "services.service",
  "pk": 3,
  "fields": {
    "category": 4,
    "name": "Lắp đặt kiểm soát ra vào",
    "slug": "lap-dat-kiem-soat-ra-vao",
    "short_desc": "Hệ thống kiểm soát cửa bằng thẻ từ, vân tay, nhận diện khuôn mặt cho văn phòng.",
    "description": "<h3>Kiểm soát ra vào chuyên nghiệp</h3><p>Quản lý người ra vào chính xác, ghi lịch sử đầy đủ, tích hợp chấm công.</p><ul><li>Đầu đọc thẻ từ RFID / vân tay</li><li>Nhận diện khuôn mặt không chạm</li><li>Phần mềm quản lý nhân sự</li><li>Xuất báo cáo chấm công</li></ul>",
    "image": "services/service_3.jpeg",
    "icon": "fas fa-id-card",
    "is_featured": true,
    "is_active": true,
    "order": 3,
    "created_at": "2026-05-20T16:18:55.800Z"
  }
},
{
  "model": "services.service",
  "pk": 4,
  "fields": {
    "category": 5,
    "name": "Bảo trì camera định kỳ",
    "slug": "bao-tri-camera-dinh-ky",
    "short_desc": "Vệ sinh, kiểm tra và bảo trì toàn bộ hệ thống camera định kỳ 3, 6 hoặc 12 tháng.",
    "description": "<h3>Gói bảo trì định kỳ ADCARE</h3><p>Hệ thống camera hoạt động bền bỉ, ổn định với gói bảo trì chuyên nghiệp.</p><ul><li>Vệ sinh lens và vỏ camera</li><li>Kiểm tra kết nối, nguồn điện</li><li>Cập nhật firmware mới nhất</li><li>Kiểm tra dữ liệu lưu trữ</li></ul>",
    "image": "services/service_4.jpeg",
    "icon": "fas fa-tools",
    "is_featured": true,
    "is_active": true,
    "order": 1,
    "created_at": "2026-05-20T16:18:55.812Z"
  }
},
{
  "model": "services.service",
  "pk": 5,
  "fields": {
    "category": 5,
    "name": "Sửa chữa camera & đầu ghi",
    "slug": "sua-chua-camera-dau-ghi",
    "short_desc": "Nhận sửa chữa camera IP, camera Analog, đầu ghi NVR/DVR các hãng Hikvision, Dahua, Kbvision.",
    "description": "<h3>Dịch vụ sửa chữa nhanh</h3><p>Tiếp nhận và xử lý sự cố trong ngày, có xe đến tận nơi.</p><ul><li>Chẩn đoán miễn phí</li><li>Linh kiện chính hãng</li><li>Bảo hành sau sửa chữa 3 tháng</li><li>Hỗ trợ khẩn cấp 24/7</li></ul>",
    "image": "services/service_5.jpeg",
    "icon": "fas fa-wrench",
    "is_featured": false,
    "is_active": true,
    "order": 2,
    "created_at": "2026-05-20T16:18:55.817Z"
  }
},
{
  "model": "services.service",
  "pk": 6,
  "fields": {
    "category": 6,
    "name": "Tư vấn giải pháp an ninh tổng thể",
    "slug": "tu-van-giai-phap-an-ninh-tong-the",
    "short_desc": "Khảo sát và thiết kế hệ thống an ninh toàn diện cho toà nhà, khu công nghiệp, resort.",
    "description": "<h3>Tư vấn giải pháp từ chuyên gia</h3><p>Đội ngũ kỹ sư có hơn 10 năm kinh nghiệm, thiết kế giải pháp phù hợp ngân sách.</p><ul><li>Khảo sát thực địa miễn phí</li><li>Báo cáo phân tích rủi ro an ninh</li><li>Thiết kế sơ đồ hệ thống chi tiết</li><li>Dự toán chi phí minh bạch</li></ul>",
    "image": "services/service_6.jpeg",
    "icon": "fas fa-lightbulb",
    "is_featured": true,
    "is_active": true,
    "order": 1,
    "created_at": "2026-05-20T16:18:55.829Z"
  }
},
{
  "model": "news.newscategory",
  "pk": 1,
  "fields": {
    "name": "Tin tức công ty",
    "slug": "tin-tuc-cong-ty",
    "description": "",
    "order": 0,
    "is_active": true
  }
},
{
  "model": "news.newscategory",
  "pk": 2,
  "fields": {
    "name": "Công nghệ an ninh",
    "slug": "cong-nghe-an-ninh",
    "description": "",
    "order": 1,
    "is_active": true
  }
},
{
  "model": "news.newscategory",
  "pk": 3,
  "fields": {
    "name": "Khuyến mãi",
    "slug": "khuyen-mai",
    "description": "",
    "order": 2,
    "is_active": true
  }
},
{
  "model": "news.newscategory",
  "pk": 4,
  "fields": {
    "name": "Dự án tiêu biểu",
    "slug": "du-an-tieu-bieu",
    "description": "",
    "order": 3,
    "is_active": true
  }
},
{
  "model": "news.newscategory",
  "pk": 5,
  "fields": {
    "name": "Kiến thức camera",
    "slug": "kien-thuc-camera",
    "description": "",
    "order": 2,
    "is_active": true
  }
},
{
  "model": "news.article",
  "pk": 1,
  "fields": {
    "category": 5,
    "title": "Top 5 Camera IP Tốt Nhất Cho Gia Đình Năm 2024",
    "slug": "top-5-camera-ip-tot-nhat-cho-gia-dinh-2024",
    "summary": "Tổng hợp 5 mẫu camera IP bán chạy nhất, giá tốt nhất phù hợp cho gia đình Việt Nam năm 2024.",
    "content": "<p>Chọn camera IP phù hợp cho gia đình không phải là điều dễ dàng khi thị trường có hàng trăm model khác nhau. Bài viết này giúp bạn chọn đúng nhất.</p><h3>1. Hikvision DS-2CD2143G2-I — Tổng thể tốt nhất</h3><p>Camera 4MP với công nghệ AcuSense giúp giảm thiểu báo động giả. Hồng ngoại 40m, chống bụi nước IP67. Giá tham khảo: 1.200.000đ.</p><h3>2. Dahua IPC-HDW2831T-AS — Chất lượng 8MP giá hợp lý</h3><p>Độ phân giải 8MP cực nét, tích hợp microphone thu âm. Lý tưởng cho giám sát nội thất. Giá tham khảo: 1.500.000đ.</p><h3>3. Kbvision KX-C2012SL2 — Giá rẻ nhất phân khúc</h3><p>Lựa chọn ngân sách 2MP với hồng ngoại 30m. Phù hợp cho gia đình cần nhiều điểm giám sát với chi phí thấp. Giá: 650.000đ.</p><h3>Kết luận</h3><p>Liên hệ ADCARE để được tư vấn miễn phí và nhận báo giá tốt nhất!</p>",
    "image": "news/article_1.jpeg",
    "author": "Kỹ sư ADCARE",
    "status": "published",
    "is_featured": true,
    "view_count": 0,
    "published_at": "2026-05-20T16:18:55.838Z",
    "created_at": "2026-05-20T16:18:55.840Z",
    "updated_at": "2026-05-20T16:26:57.574Z",
    "meta_title": "",
    "meta_desc": ""
  }
},
{
  "model": "news.article",
  "pk": 2,
  "fields": {
    "category": 5,
    "title": "Hướng Dẫn Lắp Đặt Camera Ngoài Trời Đúng Kỹ Thuật",
    "slug": "huong-dan-lap-dat-camera-ngoai-troi-dung-ky-thuat",
    "summary": "Những điều cần lưu ý khi lắp đặt camera ngoài trời: vị trí, góc nhìn, chống nước và đi dây.",
    "content": "<p>Camera ngoài trời cần được lắp đặt đúng kỹ thuật để đảm bảo hoạt động ổn định trong mọi điều kiện thời tiết.</p><h3>Chọn vị trí lắp đặt</h3><p>Độ cao lý tưởng là 2.5–3.5m so với mặt đất. Tránh hướng ánh sáng mặt trời chiếu trực tiếp vào lens. Góc nhìn nên bao quát tối đa khu vực cần giám sát.</p><h3>Xử lý chống nước cho đầu dây</h3><p>Dùng băng keo tự dính chuyên dụng quấn đầu nối RJ45. Đi dây trong ống nhựa luồn dây để bảo vệ cáp khỏi nắng mưa.</p><h3>Kiểm tra sau lắp đặt</h3><p>Kết nối vào NVR/DVR, điều chỉnh góc camera, kiểm tra hình ảnh ban ngày và ban đêm trước khi bàn giao.</p>",
    "image": "news/article_2.jpeg",
    "author": "Kỹ thuật viên ADCARE",
    "status": "published",
    "is_featured": false,
    "view_count": 0,
    "published_at": "2026-05-20T16:18:55.849Z",
    "created_at": "2026-05-20T16:18:55.850Z",
    "updated_at": "2026-05-20T16:26:56.903Z",
    "meta_title": "",
    "meta_desc": ""
  }
},
{
  "model": "news.article",
  "pk": 3,
  "fields": {
    "category": 5,
    "title": "Camera IP và Camera Analog: Nên Dùng Loại Nào?",
    "slug": "camera-ip-va-camera-analog-nen-dung-loai-nao",
    "summary": "So sánh chi tiết camera IP và camera Analog về chất lượng hình ảnh, chi phí, độ khó lắp đặt.",
    "content": "<p>Đây là câu hỏi phổ biến nhất khi khách hàng bắt đầu xây dựng hệ thống camera.</p><h3>Camera Analog (HDCVI/AHD/TVI)</h3><p><strong>Ưu điểm:</strong> Giá rẻ hơn 30–40%, đi dây đồng trục sẵn có, cài đặt đơn giản hơn, phù hợp nâng cấp hệ thống cũ.</p><p><strong>Nhược điểm:</strong> Độ phân giải tối đa 5MP, không có tính năng AI, khoảng cách truyền tín hiệu giới hạn 500m.</p><h3>Camera IP (Network Camera)</h3><p><strong>Ưu điểm:</strong> Độ phân giải từ 2MP đến 32MP, có AI nhận diện người/xe, truyền tín hiệu qua mạng LAN/WiFi không giới hạn khoảng cách.</p><p><strong>Nhược điểm:</strong> Giá cao hơn, cần hạ tầng mạng tốt.</p><h3>Khuyến nghị của ADCARE</h3><p>Dự án mới: chọn camera IP. Nâng cấp hệ thống cũ: có thể dùng Analog để tiết kiệm chi phí. Liên hệ để được tư vấn cụ thể!</p>",
    "image": "news/article_3.jpeg",
    "author": "Chuyên gia ADCARE",
    "status": "published",
    "is_featured": false,
    "view_count": 0,
    "published_at": "2026-05-20T16:18:55.858Z",
    "created_at": "2026-05-20T16:18:55.858Z",
    "updated_at": "2026-05-20T16:26:56.245Z",
    "meta_title": "",
    "meta_desc": ""
  }
},
{
  "model": "news.article",
  "pk": 4,
  "fields": {
    "category": 1,
    "title": "ADCARE Khai Trương Showroom Mới Tại Quận 7 TP.HCM",
    "slug": "adcare-khai-truong-showroom-moi-tai-quan-7-tphcm",
    "summary": "ADCARE Việt Nam chính thức khai trương showroom thứ 2 tại 123 Nguyễn Văn Linh, Q.7 với không gian trưng bày hơn 50 mẫu camera.",
    "content": "<p>Ngày 15/01/2024, ADCARE Việt Nam chính thức khai trương showroom thứ 2 tại 123 Nguyễn Văn Linh, Phường Tân Phong, Quận 7, TP. Hồ Chí Minh.</p><h3>Không gian trưng bày hiện đại</h3><p>Showroom rộng 150m² với hơn 50 mẫu camera IP, Analog, PTZ đang hoạt động thực tế giúp khách hàng trải nghiệm trực tiếp chất lượng hình ảnh.</p><h3>Ưu đãi khai trương</h3><p>Từ ngày 15/01 đến 28/02/2024, khách hàng mua hàng tại showroom mới được giảm 10% trên tổng giá trị đơn hàng và miễn phí lắp đặt trong bán kính 10km.</p><h3>Thông tin liên hệ</h3><p>Địa chỉ: 123 Nguyễn Văn Linh, Q.7, TP.HCM<br>Hotline: 0901 234 567<br>Giờ mở cửa: 8:00 – 17:30 (Thứ 2 – Thứ 7)</p>",
    "image": "news/article_4.jpeg",
    "author": "Ban biên tập ADCARE",
    "status": "published",
    "is_featured": true,
    "view_count": 0,
    "published_at": "2026-05-20T16:18:55.865Z",
    "created_at": "2026-05-20T16:18:55.866Z",
    "updated_at": "2026-05-20T16:26:55.622Z",
    "meta_title": "",
    "meta_desc": ""
  }
},
{
  "model": "news.article",
  "pk": 5,
  "fields": {
    "category": 3,
    "title": "Khuyến Mãi Tháng 3: Giảm 15% Camera Dahua — Tặng Ổ Cứng 1TB",
    "slug": "khuyen-mai-thang-3-giam-15-dahua",
    "summary": "Toàn bộ camera Dahua giảm 15%, mua đầu ghi NVR tặng kèm ổ cứng WD Purple 1TB. Áp dụng đến hết 31/03/2024.",
    "content": "<p>ADCARE Việt Nam triển khai chương trình khuyến mãi đặc biệt tháng 3/2024 dành cho khách hàng mua sản phẩm Dahua chính hãng.</p><h3>Chi tiết ưu đãi</h3><ul><li>Giảm 15% toàn bộ camera IP và Analog Dahua</li><li>Mua NVR Dahua 8 kênh trở lên: tặng ổ cứng WD Purple 1TB</li><li>Lắp đặt trọn gói từ 4 camera: miễn phí công lắp đặt</li></ul><h3>Điều kiện áp dụng</h3><p>Áp dụng cho đơn hàng từ ngày 01/03 đến 31/03/2024. Không áp dụng đồng thời với các chương trình khuyến mãi khác.</p><p><strong>Hotline đặt hàng: 0901 234 567</strong></p>",
    "image": "news/article_5.jpeg",
    "author": "Ban kinh doanh ADCARE",
    "status": "published",
    "is_featured": false,
    "view_count": 1,
    "published_at": "2026-05-20T16:19:35.321Z",
    "created_at": "2026-05-20T16:19:35.321Z",
    "updated_at": "2026-05-20T16:26:54.987Z",
    "meta_title": "",
    "meta_desc": ""
  }
},
{
  "model": "partners.partner",
  "pk": 1,
  "fields": {
    "name": "Hikvision",
    "logo": "partners/partner_1.jpeg",
    "website": "",
    "partner_type": "supplier",
    "description": "",
    "order": 1,
    "is_active": true,
    "created_at": "2026-05-20T16:19:35.366Z"
  }
},
{
  "model": "partners.partner",
  "pk": 2,
  "fields": {
    "name": "Dahua Technology",
    "logo": "partners/partner_2.jpeg",
    "website": "",
    "partner_type": "supplier",
    "description": "",
    "order": 2,
    "is_active": true,
    "created_at": "2026-05-20T16:19:35.370Z"
  }
},
{
  "model": "partners.partner",
  "pk": 3,
  "fields": {
    "name": "Axis Communications",
    "logo": "partners/partner_3.jpeg",
    "website": "",
    "partner_type": "partner",
    "description": "",
    "order": 3,
    "is_active": true,
    "created_at": "2026-05-20T16:19:35.372Z"
  }
},
{
  "model": "partners.partner",
  "pk": 4,
  "fields": {
    "name": "Bosch Security",
    "logo": "partners/partner_4.jpeg",
    "website": "",
    "partner_type": "partner",
    "description": "",
    "order": 4,
    "is_active": true,
    "created_at": "2026-05-20T16:19:35.375Z"
  }
},
{
  "model": "partners.partner",
  "pk": 5,
  "fields": {
    "name": "Kbvision",
    "logo": "partners/partner_5.jpeg",
    "website": "",
    "partner_type": "supplier",
    "description": "",
    "order": 5,
    "is_active": true,
    "created_at": "2026-05-20T16:19:35.377Z"
  }
},
{
  "model": "partners.partner",
  "pk": 6,
  "fields": {
    "name": "Viettel",
    "logo": "partners/partner_6.jpeg",
    "website": "",
    "partner_type": "customer",
    "description": "",
    "order": 6,
    "is_active": true,
    "created_at": "2026-05-20T16:19:35.379Z"
  }
}
]
